JEFF	TEST12	JEFF	RUPP	JEFF@RUPP
STEVE	TEST12	STEVE	SMITH	STEVE@SMITH
TYLER	TEST12	TYLER	WILCOCK	TYLER@WILCOCK
TREVOR	TEST12	TREVOR	WILSON	TREVOR@WILSON
AARON	TEST12	AARON	YOUNG	AARON@YOUNG
JAY	TEST12	JAY	S	JAY@S
